player_name,destination_club,origin_club
Bruno Guimarães,Arsenal,Newcastle United
Ezri Konsa,Arsenal,Aston Villa
Piero Hincapié,Arsenal,Bayer 04 Leverkusen
Christos Tzolis,Arsenal,Club Brugge KV
Illan Meslier,Arsenal,Leeds United
Johan Manzambi,Aston Villa,SC Freiburg
Nicolas Jackson,Aston Villa,Chelsea FC
Ibrahim Mbaye,Aston Villa,Paris Saint-Germain
João Gomes,Aston Villa,Wolverhampton Wanderers
Zion Suzuki,Aston Villa,Parma Calcio 1913
Taylor Harwood-Bellis,Aston Villa,Southampton FC
Matteo Ruggeri,Aston Villa,Atlético de Madrid
Modou Kéba Cissé,Aston Villa,LASK
Leon Goretzka,Aston Villa,Bayern Munich
Aaron Wan-Bissaka,Aston Villa,West Ham United
Alejandro Garnacho,Aston Villa,Chelsea FC
António Silva,AFC Bournemouth,SL Benfica
Álvaro Rodríguez,AFC Bournemouth,Elche CF
Álex Jiménez,AFC Bournemouth,AC Milan
Juanlu Sánchez,AFC Bournemouth,Sevilla FC
Michele Di Gregorio,AFC Bournemouth,Juventus FC
Mamadou Sangaré,Brentford FC,RC Lens
El Hadji Malick Diouf,Brentford FC,West Ham United
Jannik Schuster,Brentford FC,Red Bull Salzburg
Jaidon Anthony,Brentford FC,Burnley FC
Callum Wilson,Brentford FC,West Ham United
Luka Vuskovic,Brighton & Hove Albion,Tottenham Hotspur
Zadok Yohanna,Brighton & Hove Albion,AIK
Pascal Struijk,Brighton & Hove Albion,Leeds United
Chema Andrés,Brighton & Hove Albion,VfB Stuttgart
Femi Azeez,Brighton & Hove Albion,Millwall FC
Jaouen Hadjam,Brighton & Hove Albion,BSC Young Boys
Costinha,Brighton & Hove Albion,Olympiacos Piraeus
Michael Svoboda,Brighton & Hove Albion,Venezia FC
Matías Orozco,Brighton & Hove Albion,Deportivo Cali
Rodrigo Rêgo,Brighton & Hove Albion,SL Benfica B
Promise David,Brighton & Hove Albion,Union Saint-Gilloise
Morgan Rogers,Chelsea FC,Aston Villa
Maxence Lacroix,Chelsea FC,Crystal Palace
Marco Palestra,Chelsea FC,Atalanta BC
Geovany Quenda,Chelsea FC,Sporting CP
Valentín Barco,Chelsea FC,RC Strasbourg Alsace
Emmanuel Emegha,Chelsea FC,RC Strasbourg Alsace
Pep Chavarría,Chelsea FC,Rayo Vallecano
Emiliano Martínez,Chelsea FC,Aston Villa
Danny Welbeck,Chelsea FC,Brighton & Hove Albion
Dastan Satpaev,Chelsea FC,Kairat Almaty
Jordan Henderson,Chelsea FC,Brentford FC
Bradley Barcola,Liverpool FC,Paris Saint-Germain
Jérémy Jacquet,Liverpool FC,Stade Rennais FC
Víctor Muñoz,Liverpool FC,CA Osasuna
Lucca Brughmans,Liverpool FC,KRC Genk
Djylian N'Guessan,Liverpool FC,AS Saint-Étienne
Ifeanyi Ndukwe,Liverpool FC,Austria Vienna
Ronald Araujo,Liverpool FC,FC Barcelona
Enzo Fernández,Manchester City,Chelsea FC
Elliot Anderson,Manchester City,Nottingham Forest
Ayyoub Bouaddi,Manchester City,LOSC Lille
Iliman Ndiaye,Manchester City,Everton FC
Allan,Manchester City,Sociedade Esportiva Palmeiras
Mathys Detourbet,Manchester City,ESTAC Troyes
Jeremy Monga,Manchester City,Leicester City
Pierce Charles,Manchester City,Sheffield Wednesday
Gerónimo Rulli,Manchester City,Olympique Marseille
Carlos Baleba,Manchester United,Brighton & Hove Albion
Andrey Santos,Manchester United,Chelsea FC
Youri Tielemans,Manchester United,Aston Villa
Karl Darlow,Manchester United,Leeds United
Matias Fernandez-Pardo,Newcastle United,LOSC Lille
Nico González,Newcastle United,Manchester City
Bazoumana Touré,Newcastle United,TSG 1899 Hoffenheim
Amar Dedic,Newcastle United,SL Benfica
Aladji Bamba,Newcastle United,AS Monaco
Lukas Hornicek,Newcastle United,SC Braga
Sean Steur,Newcastle United,Ajax Amsterdam
Ewen Jaouen,Newcastle United,Stade Reims
Liam Delap,Nottingham Forest,Chelsea FC
Ousmane Diomande,Nottingham Forest,Sporting CP
Daniel Muñoz,Nottingham Forest,Crystal Palace
Gustavo Sá,Nottingham Forest,FC Famalicão
Xaver Schlager,Nottingham Forest,RB Leipzig
Steven Benda,Nottingham Forest,Fulham FC
Malick Fofana,Sunderland AFC,Olympique Lyon
Dayann Méthalie,Sunderland AFC,FC Toulouse
Jules Ahoka,Sunderland AFC,Royal Antwerp FC
Juan Riquelme Angulo,Sunderland AFC,Independiente del Valle
Kevin Danso,Sunderland AFC,Tottenham Hotspur
Thomas Meunier,Sunderland AFC,LOSC Lille
Sandro Tonali,Tottenham Hotspur,Newcastle United
Mateus Fernandes,Tottenham Hotspur,West Ham United
Sávio,Tottenham Hotspur,Manchester City
Jan Paul van Hecke,Tottenham Hotspur,Brighton & Hove Albion
Tosin Adarabioyo,Tottenham Hotspur,Chelsea FC
Marcos Senesi,Tottenham Hotspur,AFC Bournemouth
Martin Dúbravka,Tottenham Hotspur,Burnley FC
Andrew Robertson,Tottenham Hotspur,Liverpool FC
Omar Marmoush,Tottenham Hotspur,Manchester City
Caleb Yirenkyi,Coventry City,FC Nordsjaelland
Carl Rushworth,Coventry City,Brighton & Hove Albion
Sidiki Chérif,Coventry City,Fenerbahce
Loum Tchaouna,Coventry City,Burnley FC
Aurèle Amenda,Coventry City,Eintracht Frankfurt
Yann Gboho,Coventry City,FC Toulouse
Taiwo Awoniyi,Coventry City,Nottingham Forest
Frank Onyeka,Coventry City,Brentford FC
Gustavo Hamer,Coventry City,Sheffield United
Ethan Pinnock,Coventry City,Brentford FC
Daniel Bentley,Coventry City,Wolverhampton Wanderers
Dwight McNeil,Crystal Palace,Everton FC
Anan Khalaili,Crystal Palace,Union Saint-Gilloise
Quinten Timber,Crystal Palace,Olympique Marseille
Zavier Gozo,Crystal Palace,Real Salt Lake City
Darío Osorio,Crystal Palace,FC Midtjylland
Óscar Mingueza,Crystal Palace,Celta de Vigo
Takehiro Tomiyasu,Crystal Palace,Ajax Amsterdam
Ben Chilwell,Crystal Palace,RC Strasbourg Alsace
Honest Ahanor,Crystal Palace,Atalanta BC
Axel Disasi,Crystal Palace,Chelsea FC
Brennan Johnson,Everton FC,Crystal Palace
Merlin Röhl,Everton FC,SC Freiburg
Tyrique George,Everton FC,Chelsea FC
Hayden Hackney,Everton FC,Middlesbrough FC
Christian Nørgaard,Everton FC,Arsenal FC
Ainsley Maitland-Niles,Everton FC,Olympique Lyon
Jack Grealish,Everton FC,Manchester City
Gonzalo García,Fulham FC,Real Madrid
Shea Charles,Fulham FC,Southampton FC
David Affengruber,Fulham FC,Elche CF
César Palacios,Fulham FC,Real Madrid
Jonah Kusi-Asare,Fulham FC,Bayern Munich
Manuel Ángel,Fulham FC,Real Madrid Castilla
Hugo Larsson,Fulham FC,Eintracht Frankfurt
Nobel Mendy,Hull City,Rayo Vallecano
Konstantinos Tzolakis,Hull City,Olympiacos Piraeus
Ilyas Ansah,Hull City,1.FC Union Berlin
Mohamed-Ali Cho,Hull City,OGC Nice
Tim Iroegbunam,Hull City,Everton FC
Christos Mouzakitis,Hull City,Olympiacos Piraeus
Lucas Herrington,Hull City,Colorado Rapids
Brooke Norton-Cuffy,Hull City,Genoa CFC
Jens Hjertø-Dahl,Hull City,Tromsø IL
Sorba Thomas,Hull City,Stoke City
Joe Gelhardt,Hull City,Leeds United
Lucas Gourna-Douath,Hull City,Red Bull Salzburg
Jack Butland,Hull City,Rangers FC
Elliot Stroud,Hull City,Mjällby AIF
Robinio Vaz,Hull City,AS Roma
Hidemasa Morita,Hull City,Sporting CP
Matt Targett,Hull City,Newcastle United
Julio Enciso,Ipswich Town,RC Strasbourg Alsace
Emersonn,Ipswich Town,FC Toulouse
Abdul Fatawu,Ipswich Town,Leicester City
Exequiel Palacios,Ipswich Town,Bayer 04 Leverkusen
Abdoul Ouattara,Ipswich Town,RC Strasbourg Alsace
Zian Flemming,Ipswich Town,Burnley FC
Florentino,Ipswich Town,Burnley FC
Saša Lukić,Ipswich Town,Fulham FC
Kjell Scherpen,Ipswich Town,Union Saint-Gilloise
Issa Diop,Ipswich Town,Fulham FC
Daizen Maeda,Ipswich Town,Celtic FC
Chuba Akpom,Ipswich Town,Ajax Amsterdam
Cédric Kipré,Ipswich Town,Stade Reims
Kayne van Oevelen,Ipswich Town,FC Volendam
James Trafford,Leeds United,Manchester City
Tarik Muharemović,Leeds United,US Sassuolo
Nico Elvedi,Leeds United,Borussia Mönchengladbach
Michael Zetterer,Leeds United,Eintracht Frankfurt
Jean-Mattéo Bahoya,Leeds United,Eintracht Frankfurt
Melvin Bard,Leeds United,OGC Nice
Harry Wilson,Leeds United,Fulham FC
